Restaurant name,Restaurant ID,Cuisine,Opens,Closes,Days Open,Price,Rating,Location,Description,Long Description
Taste of Africa,taste_of_africa,african,12:00:00,23:00:00,"Mo,Tu,We,Th,Fr,Sa,Su",4,4.7,123 African Rd.,"Modern twists on authentic African cuisinet.","Taste of Africa offers a modern interpretation of authentic African cuisine. Discover a menu that blends traditional flavors with contemporary culinary techniques. Guests are delighted by the vibrant and bold flavors that define each dish. The restaurant's ambiance is a celebration of African art and culture, creating a lively dining experience that invites exploration and enjoyment."
BBQ Heaven,bbq_heaven,barbecue,10:00:00,22:00:00,"Mo,Tu,We,Th,Fr,Sa,Su",3,4.5,99 Grill Ln.,"The best barbecue in town with a variety of smoked meats.","BBQ Heaven is a must-visit for barbecue enthusiasts, offering an array of smoked meats that are slow-cooked to perfection. The smoky aroma and tender, flavorful meats draw customers from near and far. The rustic decor and friendly atmosphere create a laid-back vibe that’s perfect for enjoying a hearty meal with friends and family. Regulars often praise the homemade sides and the variety of sauces that complement the meats perfectly. BBQ Heaven’s dedication to quality and authentic barbecue has earned it a loyal following and rave reviews."
Cozy Cafe,cozy_cafe,cafe,07:00:00,20:00:00,"Mo,Tu,We,Th,Fr,Sa",4,4.1,256 Coffee Blvd.,"Warm, inviting cafe offering a wide array of pastries and gourmet coffee.","Cozy Cafe lives up to its name, offering a warm and inviting space where customers can unwind and enjoy a variety of delicious pastries and expertly brewed coffee. The cafe's ambiance is perfect for casual meetups, study sessions, or simply relaxing with a good book. Patrons appreciate the friendly service and the quality of the food and drinks. With its charming decor and comfortable seating, Cozy Cafe has become a beloved spot for both locals and visitors looking for a relaxing and enjoyable cafe experience."
Dragon's Den,dragons_den,chinese,11:00:00,22:00:00,"Mo,Tu,We,Th,Fr,Sa,Su",5,4.7,789 Chinatown Pl.,"Taste authentic Chinese cuisine in an elegant setting.","Dragon's Den invites you to savor authentic Chinese cuisine with a menu brimming with traditional dishes crafted from the finest, freshest ingredients. The restaurant's refined decor and attentive service ensure a sophisticated dining experience. Patrons praise the authenticity of flavors and the diverse range of offerings. Dragon's Den is committed to preserving China's culinary heritage while providing a warm and inviting atmosphere for every guest."
Prague Palace,prague_palace,Czech/Slovak,12:00:00,23:00:00,"Mo,Tu,We,Th,Fr,Sa",3,3.5,101 Bohemian St.,"Authentic Czech and Slovak cuisine.","Prague Palace brings the hearty and comforting flavors of Czech and Slovak cuisine to the heart of the city. The menu features traditional dishes that are prepared with care and attention to detail. The restaurant's rustic decor and warm atmosphere make it a perfect place for a cozy meal. Guests often appreciate the generous portions and the homey feel of the restaurant. Prague Palace is a favorite among those who crave the authentic tastes of Central Europe and enjoy a relaxed and friendly dining environment."
Bavarian Bistro,bavarian_bistro,german,11:00:00,22:00:00,"Mo,Tu,We,Th,Fr,Sa,Su",5,4,42 Bavarian Rd.,"Experience authentic German flavors and a great beer selection.","Step into Bavarian Bistro for a taste of Germany with traditional dishes and an impressive array of beers. The festive ambiance and lively atmosphere make it ideal for social gatherings. Guests appreciate the authentic flavors, diverse beer selection, and welcoming staff, ensuring a memorable dining experience."
Spice Route,spice_route,indian,11:30:00,23:00:00,"Mo,Tu,We,Th,Fr,Sa,Su",2,4.5,321 Curry Ln.,"Embark on a journey of bold, exquisite Indian flavors.","Spice Route invites you on a culinary journey through India with its exquisite menu of dishes bursting with rich flavors and aromas. The vibrant decor and warm ambiance create a welcoming atmosphere. Guests rave about the diverse and bold flavors, crafted using traditional spices and techniques. Spice Route is renowned for its commitment to authenticity and quality, making it a top choice for Indian cuisine enthusiasts seeking an unforgettable dining experience."
Sakura Sushi,sakura_sushi,japanese,12:00:00,22:00:00,"Mo,Tu,We,Th,Fr,Sa,Su",3,4.5,888 Sushi Blvd.,"Fresh, made-to-order sushi delights at Sakura Sushi.","Sakura Sushi is a haven for sushi lovers, offering a wide range of fresh and delicious sushi rolls and sashimi. The restaurant’s minimalist decor and serene atmosphere provide a perfect setting for enjoying a meal. Customers appreciate the quality and presentation of the food, as well as the attentive service. Sakura Sushi’s dedication to using fresh ingredients and traditional techniques has earned it a loyal following. Whether you’re a sushi aficionado or a first-timer, Sakura Sushi provides an exceptional dining experience that is both satisfying and enjoyable."
Cantina Mexicana,cantina_mexicana,mexican,11:00:00,23:00:00,"Mo,Tu,We,Th,Fr,Sa",4,4.9,654 Fiesta Pl.,"Vibrant Mexican flavors with authentic dishes.","Cantina Mexicana brings the vibrant and bold flavors of Mexico to your table with its authentic menu. Dive into traditional Mexican dishes crafted from time-honored recipes, all served in a colorful setting that radiates festive charm. Guests cherish the lively atmosphere and exceptional service, making every visit a celebration of flavor and culture. Whether you crave tacos, enchiladas, or a refreshing margarita, Cantina Mexicana promises an unforgettable dining experience."
Pizza Paradise,pizza_paradise,pizza,10:00:00,22:00:00,"Mo,Tu,We,Th,Fr,Sa,Su",2,4.5,123 Pizza St.,"Delicious and freshly baked pizzas with a variety of toppings.","Pizza Paradise is the go-to spot for pizza lovers, offering a wide range of delicious and freshly baked pizzas. The restaurant’s casual and welcoming atmosphere makes it a great place for families and groups. Customers love the variety of toppings and the quality of the pizza, which is always hot and fresh. The friendly staff and quick service add to the overall positive experience. Whether you’re a fan of classic margherita or looking to try something more adventurous, Pizza Paradise has something for everyone."
Green Garden,green_garden,vegetarian,10:00:00,21:00:00,"Mo,Tu,We,Th,Fr,Sa",3,4.5,456 Veggie Blvd.,"Delicious vegetarian and vegan dishes served daily.","Green Garden is a paradise for vegetarians and vegans, offering a wide range of delicious and creative dishes. The restaurant’s fresh and modern decor, combined with its relaxing atmosphere, makes it a great place to enjoy a meal. Customers appreciate the variety and quality of the food, which is made from fresh and organic ingredients. Green Garden’s commitment to sustainability and healthy eating has earned it a loyal following. Whether you’re a vegetarian or simply looking to enjoy a healthy meal, Green Garden provides a dining experience that is both satisfying and wholesome."
African Flavors,african_flavors,african,12:00:00,22:00:00,"Mo,Tu,We,Th,Fr,Sa,Su",2,4,321 African St.,"Delve into traditional African culinary treasures.","African Flavors is your gateway to traditional African culinary treasures. Explore a menu crafted from time-honored family recipes, showcasing the diverse flavors of the continent. The restaurant's warm and welcoming atmosphere, adorned with African-inspired decor, invites guests to savor every bite. From familiar favorites to exciting new dishes, African Flavors promises a dining experience that is both comforting and adventurous."
Freedom Diner,freedom_diner,american,06:00:00,22:00:00,"Mo,Tu,We,Th,Fr,Sa,Su",3,4,123 Freedom Blvd.,"Classic American comfort food favorites.","Freedom Diner is your go-to spot for classic American comfort food favorites. Dive into a menu filled with hearty burgers, crispy fries, and satisfying breakfast options. This local gem is cherished for its warm hospitality and generous portions. The retro decor and inviting atmosphere make every visit a nostalgic journey. Guests rave about the fresh, high-quality ingredients that define each dish. Whether you're grabbing a quick bite or lingering over a meal, Freedom Diner promises a dining experience that is both comforting and delightful."
Grill Masters,grill_masters,barbecue,10:00:00,23:00:00,"Mo,Tu,We,Th,Fr,Sa,Su",3,4.5,789 BBQ Blvd.,"Slow-smoked meats and homemade sides.","Savor the rich and smoky flavors of our slow-smoked meats, paired with delicious homemade sides. Grill Masters is a paradise for barbecue lovers, offering a menu that is packed with flavorful and tender meats. The restaurant's rustic decor and laid-back atmosphere make it a great place for casual dining. Customers appreciate the quality and authenticity of the food, as well as the friendly and attentive service. Whether you're a fan of ribs, brisket, or pulled pork, Grill Masters provides a dining experience that is both satisfying and memorable."
Java Junction,java_junction,cafe,07:00:00,21:00:00,"Mo,Tu,We,Th,Fr,Sa",2,4.5,456 Coffee St.,"Cozy cafe known for its diverse selection of specialty coffees and teas.","Java Junction offers a relaxing retreat with a diverse selection of coffee, tea, and freshly baked treats. Known for its friendly service and comfortable ambiance, it's a go-to spot for locals to meet, work, or simply enjoy a quiet moment. Guests appreciate the cafe's commitment to quality and variety, making every visit memorable."
Lucky Dragon,lucky_dragon,chinese,11:00:00,23:00:00,"Mo,Tu,We,Th,Fr,Sa,Su",3,4,123 Dragon Blvd.,"Enjoy flavorful Chinese dishes at Lucky Dragon's warm and inviting locale.","Indulge in a delightful array of Chinese delicacies at Lucky Dragon, where each dish is prepared with care using fresh ingredients and time-honored recipes. A local favorite, the restaurant charms with its genuine flavors and welcoming ambiance. Guests appreciate the extensive menu and the attentive service that enhance every visit. Whether you're craving familiar classics or eager to explore new flavors, Lucky Dragon promises a memorable dining adventure."
Munich Tavern,munich_tavern,german,11:00:00,22:00:00,"Mo,Tu,We,Th,Fr,Sa",3,4.5,456 Beer Blvd.,"Enjoy traditional German dishes and a festive tavern atmosphere.","Munich Tavern invites you to savor traditional German cuisine amidst a lively tavern setting. Known for its hearty dishes and wide beer selection, it's a favorite spot for gatherings. Guests love the authentic flavors, festive decor, and friendly vibe, perfect for both meals and socializing."
India Palace,india_palace,indian,11:30:00,23:00:00,"Mo,Tu,We,Th,Fr,Sa,Su",2,4.5,321 Curry Blvd.,"Indulge in authentic Indian cuisine with bold flavors.","India Palace delights diners with a rich tapestry of traditional and modern Indian dishes, each bursting with authentic flavors and crafted with care. The restaurant's vibrant decor and warm ambiance set the stage for a memorable dining experience. Guests appreciate the bold and diverse flavors, complemented by attentive service. Whether you're savoring classic favorites or exploring new dishes, India Palace promises a satisfying and memorable culinary journey."
Sushi Haven,sushi_haven,japanese,12:00:00,22:00:00,"Mo,Tu,We,Th,Fr,Sa,Su",3,4.5,123 Sushi St.,"Enjoy fresh, made-to-order sushi at Sushi Haven.","Experience the art of sushi with our fresh and expertly crafted rolls and sashimi. Sushi Haven is a must-visit for sushi lovers, offering a menu that is packed with a variety of delicious options. The restaurant's minimalist decor and serene atmosphere provide a perfect setting for enjoying a meal. Customers appreciate the quality and presentation of the food, as well as the attentive service. Sushi Haven's dedication to using fresh ingredients and traditional techniques has earned it a loyal following. Whether you're a sushi aficionado or a first-timer, Sushi Haven provides an exceptional dining experience that is both satisfying and enjoyable."
El Rancho,el_rancho,mexican,11:00:00,23:00:00,"Mo,Tu,We,Th,Fr,Sa",2,4,789 Fiesta St.,"Authentic Mexican flavors in a lively setting.","At El Rancho, experience the essence of Mexico through our authentic dishes bursting with vibrant flavors. From savory tacos to rich enchiladas, each dish is prepared with care using fresh, quality ingredients. Our festive ambiance and warm hospitality invite you to savor every moment, whether you're enjoying a family dinner or gathering with friends. Discover why El Rancho is a beloved destination for those seeking true Mexican cuisine and hospitality."
The Italian Pizzeria,the_italian_pizzeria,pizza,10:00:00,22:00:00,"Mo,Tu,We,Th,Fr,Sa,Su",2,4.5,123 Pizza Blvd.,"Freshly baked pizzas with a variety of toppings.","Dive into a delightful pizza experience at The Italian Pizzeria, where each pie is crafted with care and baked to perfection. From classic margherita to innovative creations, our menu offers a tantalizing array of options to satisfy every pizza lover. Enjoy the inviting atmosphere, perfect for families and groups alike, where friendly service enhances your dining pleasure. Discover why The Italian Pizzeria is a favorite destination for those seeking quality and flavor in every slice."
Bangkok Bistro,bangkok_bistro,thai,11:00:00,22:00:00,"Mo,Tu,We,Th,Fr,Sa,Su",4,4.5,456 Spice St.,"Bold Thai flavors in a vibrant setting.","Immerse yourself in Thailand's bold and vibrant culinary scene at Bangkok Bistro. Our menu showcases a rich variety of traditional and modern Thai dishes, crafted with fresh ingredients and authentic recipes. The stylish decor and warm ambiance complement the experience, ensuring every visit is delightful and memorable."
Veggie Delight,veggie_delight,vegetarian,10:00:00,21:00:00,"Mo,Tu,We,Th,Fr,Sa",1,4.5,123 Veggie Blvd.,"Savory vegetarian and vegan meals every day.","Enjoy our delicious and creative vegetarian and vegan dishes, made from fresh and organic ingredients. Veggie Delight is a paradise for vegetarians and vegans, offering a menu that is packed with a variety of delicious options. The restaurant's fresh and modern decor, combined with its relaxing atmosphere, makes it a great place to enjoy a meal. Customers appreciate the quality and variety of the food, as well as the friendly and attentive service. Whether you're a vegetarian or simply looking to enjoy a healthy meal, Veggie Delight provides a dining experience that is both satisfying and wholesome."
Safari Grill,safari_grill,african,12:00:00,22:00:00,"Mo,Tu,We,Th,Fr,Sa,Su",2,4,789 Safari Blvd.,"Embark on a safari of authentic African dishes.","Safari Grill invites you on a culinary safari through Africa's rich culinary landscape. Indulge in dishes crafted from fresh, locally-sourced ingredients and traditional recipes. The restaurant's vibrant setting, reminiscent of an African marketplace, enhances the dining experience with its lively ambiance and attentive service. Whether you're seeking bold flavors or a taste of nostalgia, Safari Grill promises an unforgettable journey for your palate."
Liberty Diner,liberty_diner,american,06:00:00,22:00:00,"Mo,Tu,We,Th,Fr,Sa,Su",3,4,123 Liberty Blvd.,"Indulge in timeless American comfort dishes.","Liberty Diner invites you to indulge in timeless American comfort dishes. From mouthwatering burgers to hearty breakfasts, our menu offers something for everyone. Step into a welcoming atmosphere adorned with retro charm and friendly service. Locals love our generous portions and the fresh, flavorful ingredients that define our cuisine. Whether you're craving a quick bite or a leisurely meal, Liberty Diner promises a dining experience that is both satisfying and memorable."
Cafe Bliss,cafe_bliss,cafe,07:00:00,21:00:00,"Mo,Tu,We,Th,Fr,Sa",2,4.5,789 Coffee Blvd.,"Charming cafe with a delightful assortment of artisanal coffees and teas.","Cafe Bliss exudes a welcoming vibe with its cozy setting and wide array of coffee, tea, and freshly baked goods. Locals flock here for the friendly service and inviting atmosphere, perfect for catching up with friends or savoring a leisurely brunch. The cafe's commitment to quality ensures a delightful experience every time."
Golden Dragon,golden_dragon,chinese,11:00:00,23:00:00,"Mo,Tu,We,Th,Fr,Sa,Su",3,4,456 Dragon Blvd.,"Discover a variety of delicious Chinese dishes at Golden Dragon.","Golden Dragon delights guests with a diverse selection of authentic Chinese dishes, each prepared to perfection using the freshest ingredients and traditional methods. The restaurant's inviting atmosphere and elegant decor create a welcoming setting for all occasions. Diners enjoy the variety and quality of the cuisine, along with the friendly service that adds to the overall experience. Whether you're a connoisseur of Chinese cuisine or a curious newcomer, Golden Dragon ensures a satisfying and enjoyable dining experience."
Bavarian Brews,bavarian_brews,german,11:00:00,22:00:00,"Mo,Tu,We,Th,Fr,Sa",3,4.5,789 Beer Blvd.,"Discover traditional German cuisine and a lively tavern experience.","Bavarian Brews offers a lively tavern experience with traditional German dishes and an extensive beer selection. Its festive decor and friendly atmosphere create a vibrant dining environment. Customers enjoy the authentic dishes, diverse beer options, and warm hospitality, making every visit enjoyable and memorable."
Spice Village,spice_village,indian,11:30:00,23:00:00,"Mo,Tu,We,Th,Fr,Sa,Su",2,4.5,123 Curry Blvd.,"Discover authentic Indian cuisine with bold flavors.","Spice Village offers a tantalizing menu of authentic Indian dishes, celebrated for their bold flavors and meticulous preparation. The restaurant's vibrant decor and welcoming ambiance create an inviting setting for guests. Diners love the rich variety of flavors, expertly crafted using traditional spices and techniques. Spice Village is known for its dedication to quality and customer satisfaction, ensuring every visit is both satisfying and memorable."
Casa Mexicana,casa_mexicana,mexican,11:00:00,23:00:00,"Mo,Tu,We,Th,Fr,Sa",3,4,123 Fiesta Blvd.,"Authentic Mexican dishes with vibrant flavors.","Casa Mexicana invites you to indulge in the authentic flavors of Mexico with our diverse menu of traditional dishes. Discover the rich culinary heritage of Mexico through dishes crafted from fresh, locally sourced ingredients and traditional recipes. Our vibrant atmosphere and friendly service create a welcoming environment perfect for enjoying a casual meal or celebrating special occasions. Whether you're craving classic tacos, flavorful enchiladas, or a refreshing margarita, Casa Mexicana promises a memorable dining experience."
Pizza Palace,pizza_palace,pizza,10:00:00,22:00:00,"Mo,Tu,We,Th,Fr,Sa,Su",1,3.5,456 Pizza Blvd.,"Delicious pizzas baked fresh with diverse toppings.","Indulge in the savory goodness of freshly baked pizzas at Pizza Palace, where each pie is a masterpiece of flavor and quality. Whether you prefer traditional toppings or crave something adventurous, our diverse menu ensures there's a perfect pizza for everyone. Join us in our casual and inviting setting, ideal for gathering with loved ones or enjoying a quick bite. With attentive service and consistently delicious pizzas, Pizza Palace promises a memorable dining experience that keeps guests coming back for more."
Thai Spice,thai_spice,thai,11:00:00,22:00:00,"Mo,Tu,We,Th,Fr,Sa,Su",2,4.5,789 Spice Blvd.,"Authentic Thai cuisine with bold, fresh flavors.","Thai Spice invites you to savor authentic Thai cuisine bursting with bold, fresh flavors. Our menu features a diverse selection of dishes crafted from traditional recipes and premium ingredients. The restaurant's inviting atmosphere and attentive service enhance your dining journey, making Thai Spice a favorite for those seeking an exciting and satisfying Thai dining experience."
Nile Restaurant,nile_restaurant,african,12:00:00,22:00:00,"Mo,Tu,We,Th,Fr,Sa,Su",2,4,456 African Blvd.,"Journey through the flavors of the Nile.","Nile Restaurant takes you on a journey along the flavors of the Nile River. Enjoy a menu inspired by ancient Egyptian and North African cuisines, featuring dishes that highlight the region's diverse culinary heritage. The restaurant's serene atmosphere, accented with Egyptian motifs and soothing music, provides a tranquil backdrop for a memorable dining experience. Whether you're exploring new tastes or savoring familiar favorites, Nile Restaurant offers a culinary voyage that captivates the senses."
America's Diner,americas_diner,american,06:00:00,22:00:00,"Mo,Tu,We,Th,Fr,Sa,Su",3,4,789 Liberty Blvd.,"Discover classic American comfort cuisine.","America's Diner invites you to discover the essence of classic American comfort cuisine. Dive into a menu brimming with beloved favorites, from juicy burgers to all-day breakfast delights. Our diner is a local favorite, celebrated for its welcoming ambiance and attentive service. Guests appreciate our commitment to using fresh, high-quality ingredients that elevate every dish. Whether you're stopping by for a quick meal or settling in for a relaxed dining experience, America's Diner guarantees a taste of comfort and satisfaction."
Cafe Serenity,cafe_serenity,cafe,07:00:00,21:00:00,"Mo,Tu,We,Th,Fr,Sa",2,4.5,123 Coffee Blvd.,"Tranquil cafe featuring a variety of freshly brewed coffees and herbal teas.","Cafe Serenity offers a tranquil escape with its cozy ambiance and diverse menu of coffee, tea, and baked delights. Known for its warm service and comfortable environment, it's a favorite among locals seeking a relaxing spot to unwind or socialize. Whether for a quick coffee or a leisurely meal, Cafe Serenity promises a serene cafe experience."
Mandarin Palace,mandarin_palace,chinese,11:00:00,23:00:00,"Mo,Tu,We,Th,Fr,Sa,Su",3,4,789 Dragon Blvd.,"Indulge in authentic Chinese cuisine at Mandarin Palace's refined atmosphere.","Discover the culinary treasures of China at Mandarin Palace, where a menu bursting with flavorful Chinese dishes awaits. Each dish is crafted with attention to detail, using fresh ingredients and time-honored recipes. The restaurant's warm ambiance and refined decor provide a delightful backdrop for memorable dining moments. Guests appreciate the quality and variety of the cuisine, as well as the attentive service that enhances their dining experience. Whether you're seeking beloved classics or new culinary adventures, Mandarin Palace offers a dining experience that is both satisfying and enriching."
Slovak Delights,slovak_delights,Czech/Slovak,12:00:00,22:00:00,"Mo,Tu,We,Th,Fr,Sa,Su",3,4,456 Bohemian Blvd.,"Authentic Czech and Slovak dishes in a cozy setting.","Experience the hearty and delicious flavors of Czech and Slovak cuisine in a warm and inviting atmosphere. Slovak Delights offers a menu that is packed with traditional dishes, prepared with care and attention to detail. The restaurant's rustic decor and cozy ambiance make it a perfect place for a casual meal. Guests often praise the generous portions and the homey feel of the restaurant. Slovak Delights is a favorite among those who crave the authentic tastes of Central Europe and enjoy a relaxed and friendly dining environment."
Taj Mahal,taj_mahal,indian,11:30:00,23:00:00,"Mo,Tu,We,Th,Fr,Sa,Su",2,4.5,789 Curry Blvd.,"Experience authentic Indian flavors at their finest.","Taj Mahal invites you to experience the essence of India with its diverse menu of traditional and modern dishes, each showcasing authentic flavors and expert culinary techniques. The restaurant's warm ambiance and vibrant decor provide a welcoming retreat for diners. Guests praise the bold and rich flavors, complemented by attentive service. Whether you're enjoying timeless classics or exploring new flavors, Taj Mahal offers a dining experience that is both fulfilling and unforgettable."
Fiesta Mexicana,fiesta_mexicana,mexican,11:00:00,23:00:00,"Mo,Tu,We,Th,Fr,Sa",5,4,789 Fiesta Blvd.,"Colorful Mexican dining experience.","Step into Fiesta Mexicana and immerse yourself in a lively celebration of Mexican cuisine. Our menu showcases a variety of authentic dishes bursting with bold flavors and vibrant colors. From the first bite of our savory tacos to the last sip of a perfectly crafted margarita, every aspect of your dining experience is designed to delight. Join us in our vibrant setting, where festive decor and warm hospitality come together to create a memorable culinary journey through Mexico."
El Sazón de Maita,sazon_de_maita,venezuelan,07:00:00,21:00:00,"Mo,Tu,We,Th,Fr,Sa,Su",2,5.0,123 Libertador St.,"Indulge in the best of Venezuelan cuisine: arepas, pabellón criollo, empanadas, and more.","Immerse yourself in the rich culinary tradition of Venezuela at our restaurant, where each dish embodies a piece of Venezuelan culture. From the famous arepas stuffed with cheese, meat, or avocado, to the iconic pabellón criollo featuring shredded beef, black beans, rice, and fried plantains. Enjoy our hallacas, empanadas, and cachapas, all authentic treasures of Venezuelan gastronomy. Don't miss out on our desserts such as quesillo, tres leches cake, and golfeados. It's a culinary experience that will transport you to the streets of Caracas and beyond."
Empanada Cafe,empanada_cafe,empanada,07:00:00,12:00:00,"Tu,We,Th,Fr,Sa,Su",3,5.0,123 Colombia St.,Delicious empanadas and exceptional coffee.,"Empanada Cafe offers a delightful combination of savory and sweet empanadas paired with top-notch coffee. The cafe's cozy atmosphere and friendly service make it a perfect spot for breakfast, lunch, or an afternoon snack. Customers love the variety of empanadas, which are freshly made and filled with high-quality ingredients. The coffee is also a highlight, with options ranging from classic espresso to unique specialty drinks. Whether you're in the mood for a quick bite or a leisurely coffee break, Empanada Cafe is the place to be."
Cafebrería Literaria,cafebreria_literaria,cafebreria,06:00:00,20:00:00,"Mo,Tu,We,Th,Fr,Sa,Su",4,5.0,456 Cervantes Ave.,"A cozy café and bookstore offering literary-themed dishes.","Cafebrería Literaria combines the love of books and delicious food in a cozy and inviting setting. Each item on the menu is inspired by famous works of literature from Spanish-speaking writers. Whether you’re here for breakfast, lunch, or a sweet treat, you’ll find something delightful to enjoy while you dive into a good book. Our friendly staff and literary-themed decor create the perfect ambiance for readers and food lovers alike."